cat,
dog,
elephant,
lion,
tiger,
bear,
zebra,
giraffe,
hippopotamus,
rhinoceros,
kangaroo,
koala,
monkey,
gorilla,
panda,
penguin,
parrot,
duck,
gorilla,
dolphin,
whale,
shark,
octopus,
jellyfish,
turtle,
frog,
snake,
lizard,
crocodile,
lobster,
crab,
seagull,
hawk,
eagle,
owl,
swan,
flamingo,
peacock,
pigeon,
sparrow,
rabbit,
hamster,
guinea pig,
rat,
mouse,
squirrel,
chipmunk,
fox,
wolf,
deer,
moose,
buffalo,
antelope,
gazelle,
camel,
llama,
alpaca,
horse,
donkey,
zebu,
cow,
sheep,
goat,
pig,
boar,
hedgehog,
porcupine,
armadillo,
platypus,
beaver,
otter,
seal,
walrus,
polar bear,
puma,
cheetah,
panther,
jaguar,
bobcat,
lynx,
cougar,
anteater,
sloth,
koala,
kangaroo,
wombat,
wallaby,
kookaburra,
emu,
cassowary,
cockatoo,
lorikeet,
kookaburra,
platypus,
tasmanian devil,
quokka,
koala.