lion,
tiger,
bear,
elephant,
giraffe,
zebra,
hippopotamus,
rhinoceros,
cheetah,
leopard,
monkey,
gorilla,
kangaroo,
koala,
panda,
wolf,
fox,
squirrel,
rabbit,
deer,
moose,
buffalo,
camel,
llama,
alpaca,
mountain goat,
sheep,
goat,
cow,
horse,
pig,
goose,
duck,
chicken,
rooster,
turkey,
penguin,
emperor penguin,
dolphin,
whale,
shark,
octopus,
jellyfish,
starfish,
crab,
lobster,
seahorse,
seal,
sea otter,
walrus,
polar bear,
falcon,
eagle,
hawk,
owl,
parrot,
macaw,
cockatoo,
flamingo,
peacock,
pigeon,
sparrow,
swallow,
robin,
blue jay,
raven,
crow,
woodpecker,
warbler,
cardinal,
finch,
goldfinch,
oriole,
bluebird,
canary,
mockingbird,
quail,
pelican,
stork,
dove,
blackbird,
thrush,
swan,
heron,
flamingo,
vulture,
buzzard,
condor,
kookaburra,
kingfisher,
hummingbird,
puffin,
kiwi,
roadrunner,
cuckoo,
tarantula,
scorpion